name,time,MAE,MSE
__main__,2019-04-08 20:50:05.088024,1.5886973358260126,14.591374505799415
